{
  "Layers": {
    "F.Cu": "true",
    "In1.Cu": "true",
    "In2.Cu": "true",
    "B.Cu": "true",
    "F.Paste": "true",
    "B.Paste": "true",
    "F.Silkscreen": "true",
    "B.Silkscreen": "true",
    "F.Mask": "true",
    "B.Mask": "true",
    "Edge.Cuts": "false",
    "User.Comments": "false",
    "B.Adhesive": "false",
    "F.Adhesive": "false",
    "User.Drawings": "false",
    "User.Eco1": "false",
    "User.Eco2": "false",
    "Margin": "false",
    "B.Courtyard": "false",
    "F.Courtyard": "false",
    "B.Fab": "false",
    "F.Fab": "false",
    "User.1": "false",
    "User.2": "false",
    "User.3": "false",
    "User.4": "false",
    "User.5": "false",
    "User.6": "false",
    "User.7": "false",
    "User.8": "false",
    "User.9": "false",
    "Rescue": "false"
  },
  "Edges": {
    "F.Cu": "false",
    "In1.Cu": "false",
    "In2.Cu": "false",
    "B.Cu": "false",
    "F.Paste": "false",
    "B.Paste": "false",
    "F.Silkscreen": "false",
    "B.Silkscreen": "false",
    "F.Mask": "false",
    "B.Mask": "false",
    "Edge.Cuts": "true",
    "User.Comments": "true",
    "B.Adhesive": "false",
    "F.Adhesive": "false",
    "User.Drawings": "false",
    "User.Eco1": "false",
    "User.Eco2": "false",
    "Margin": "false",
    "B.Courtyard": "false",
    "F.Courtyard": "false",
    "B.Fab": "false",
    "F.Fab": "false",
    "User.1": "true",
    "User.2": "false",
    "User.3": "false",
    "User.4": "false",
    "User.5": "false",
    "User.6": "false",
    "User.7": "false",
    "User.8": "false",
    "User.9": "false",
    "Rescue": "false"
  }
}